<?xml version='1.0' encoding='UTF-8'?>
<faces-config version="2.2"
              xmlns="http://xmlns.jcp.org/xml/ns/javaee"
              xmlns:xsi="http://www.w3.org/2001/XMLSchema-instance"
              xsi:schemaLocation="http://xmlns.jcp.org/xml/ns/javaee http://xmlns.jcp.org/xml/ns/javaee/web-facesconfig_2_2.xsd">
    <!--
    <faces-flow-definition>
        <flow-definition id="registration">
            <view id="registration">
                <vdl-document>/registration/registration.xhtml</vdl-document>
            </view>
            <flow-return id="taskFlowReturnIndex">
                <from-outcome>/index</from-outcome>
            </flow-return>
            <flow-return id="taskFlowReturnDone">
               <from-outcome>#{registrationBean.returnValue}</from-outcome>
            </flow-return>
        </flow-definition>
    </faces-flow-definition>
    -->
</faces-config>
